{
  "version": 1,
  "author": "B MA",
  "editor": "wokwi",
  "parts": [
    { "type": "board-esp32-devkit-c-v4", "id": "esp", "top": 38.4, "left": 4.84, "attrs": {} },
    { "type": "wokwi-lcd1602", "id": "lcd1", "top": -82.97, "left": -214.4, "attrs": {} }
  ],
  "connections": [
    [ "esp:TX", "$serialMonitor:RX", "", [] ],
    [ "esp:RX", "$serialMonitor:TX", "", [] ],
    [ "lcd1:D4", "esp:32", "green", [ "v76.8", "h96" ] ],
    [ "lcd1:D5", "esp:33", "green", [ "v86.4", "h86.5" ] ],
    [ "lcd1:D6", "esp:27", "green", [ "v115.2", "h77" ] ],
    [ "lcd1:D7", "esp:14", "green", [ "v124.8", "h67.5" ] ],
    [ "lcd1:VSS", "esp:GND.1", "green", [ "v144", "h192" ] ],
    [ "lcd1:VDD", "esp:5V", "green", [ "v192", "h182.5" ] ],
    [ "lcd1:A", "esp:5V", "green", [ "v192", "h57.5" ] ],
    [ "lcd1:K", "esp:GND.1", "green", [ "v144", "h48" ] ],
    [ "lcd1:RS", "esp:25", "green", [ "v96", "h163.5" ] ],
    [ "lcd1:E", "esp:26", "green", [ "v105.6", "h144" ] ],
    [ "lcd1:RW", "esp:GND.1", "green", [ "v144", "h153.5" ] ]
  ],
  "dependencies": {}
}